ticker,transaction_date,number_of_transactions
MSFT,2021/04/30,3
TSLA,2021/03/22,3
AAPL,2020/03/23,3
UNH,2020/03/23,3
DIS,2020/03/18,3
TJX,2021/11/26,2
EPD,2021/11/19,2
V,2021/11/08,2
AM,2021/08/11,2
CTSH,2021/06/15,2
XOM,2021/06/10,2
NEE,2021/05/18,2
MO,2021/05/03,2
JNJ,2021/04/30,2
KO,2021/04/19,2
VAR,2021/04/15,2
CMG,2021/03/26,2
NVDA,2021/03/23,2
INFO,2021/03/16,2
DE,2021/03/15,2
MTCH,2021/03/09,2
CME,2021/03/08,2
UPS,2021/03/05,2
SNAP,2021/03/02,2
MS,2021/03/01,2
BABA,2021/02/25,2
FB,2021/02/23,2
Z,2021/02/23,2
CCL,2021/02/16,2
UBER,2021/02/16,2
AON,2021/02/16,2
AVGO,2021/02/16,2
ETN,2021/02/16,2
FDX,2021/02/16,2
MSCI,2021/02/16,2
NTAP,2021/02/16,2
FIS,2021/02/09,2
TSM,2021/02/08,2
T,2021/02/08,2
CCI,2021/02/05,2
TCEHY,2021/02/05,2
MA,2021/01/28,2
NFLX,2021/01/22,2
AXP,2021/01/13,2
ACN,2021/01/12,2
AMRC,2020/12/29,2
ADBE,2020/11/19,2
GDDY,2020/11/18,2
VTRS,2020/11/17,2
ABBV,2020/11/17,2
CVX,2020/10/16,2
PFE,2020/09/16,2
RXT,2020/09/01,2
ECL,2020/08/27,2
D,2020/07/28,2
FE,2020/07/22,2
CTLT,2020/05/19,2
PYPL,2020/05/13,2
COST,2020/04/22,2
CMCSA,2020/04/17,2
GOOG,2020/04/17,2
SNE,2020/04/17,2
RHHBY,2020/04/14,2
BA,2020/04/09,2
SCHW,2020/04/09,2
USFD,2020/04/07,2
RTX,2020/04/07,2
MDT,2020/04/03,2
CARR,2020/04/03,2
OTIS,2020/04/03,2
SEE,2020/04/02,2
HD,2020/03/27,2
SBUX,2020/03/27,2
HON,2020/03/26,2
TMO,2020/03/23,2
GOOGL,2020/03/23,2
BSX,2020/03/18,2
SYY,2020/03/18,2
DEO,2020/03/18,2
PEP,2020/03/18,2
AMZN,2020/03/17,2
PRU,2020/03/13,2
BRK.B,2020/03/10,2
DLTR,2020/03/09,2
CERN,2020/02/27,2
MRK,2020/02/20,2
WMT,2020/02/20,2
WFC,2020/02/20,2
CB,2020/02/10,2
BMY,2020/01/14,2
NSRGY,2020/01/09,2
IS,2021/12/31,1
AFRM,2021/12/28,1
CSL,2021/12/28,1
EHSTX,2021/12/28,1
NVLIX,2021/12/28,1
RIVN,2021/12/23,1
QMCO,2021/12/23,1
XP,2021/12/22,1
DODWX,2021/12/22,1
IXJ,2021/12/22,1
IYZ,2021/12/22,1
XNGSY,2021/12/21,1
ITCI,2021/12/21,1
JBI,2021/12/20,1
TYG,2021/12/20,1
NFFFX,2021/12/17,1
PRGTX,2021/12/17,1
OAKGX,2021/12/17,1
RNGR,2021/12/17,1
EOG,2021/12/16,1
WRK.V,2021/12/16,1
PAGS,2021/12/16,1
PENN,2021/12/16,1
SCHH,2021/12/16,1
YACKX,2021/12/16,1
VWIGX,2021/12/16,1
AZTA,2021/12/15,1
MTX,2021/12/15,1
TRBCX,2021/12/15,1
PDX,2021/12/14,1
RPBAX,2021/12/14,1
OWMBX,2021/12/14,1
BWXT,2021/12/10,1
NSP,2021/12/10,1
ZBH,2021/12/10,1
FRC,2021/12/09,1
COF,2021/12/09,1
HQY,2021/12/09,1
NCLTY,2021/12/09,1
CSPCY,2021/12/09,1
XRAY,2021/12/03,1
BCPC,2021/12/02,1
CCXI,2021/12/02,1
TDXX,2021/12/01,1
KPLTW,2021/11/30,1
TT,2021/11/26,1
ARCB,2021/11/26,1
FDIS,2021/11/26,1
FTEC,2021/11/26,1
CBOE,2021/11/24,1
QS,2021/11/24,1
FAFTX,2021/11/23,1
HSHCY,2021/11/19,1
7XY,2021/11/19,1
HIPO,2021/11/19,1
PARMX,2021/11/19,1
AMD,2021/11/18,1
CG,2021/11/18,1
FPEI,2021/11/18,1
KYOCF,2021/11/18,1
MITK,2021/11/18,1
TNC,2021/11/18,1
UN,2021/11/18,1
VAIAF,2021/11/18,1
SLVM,2021/11/16,1
CMP,2021/11/16,1
FBND,2021/11/16,1
MAIN,2021/11/15,1
MKL,2021/11/11,1
LZ,2021/11/11,1
ATVI,2021/11/08,1
CAT,2021/11/08,1
GPN,2021/11/08,1
KLAC,2021/11/08,1
LMT,2021/11/08,1
ULTA,2021/11/08,1
HTLD,2021/11/04,1
TEX,2021/11/04,1
BUI,2021/11/04,1
FINX,2021/11/04,1
H,2021/11/03,1
HLIO,2021/11/03,1
NSC,2021/11/02,1
ARKG,2021/11/02,1
BTEC,2021/11/02,1
SRLN,2021/11/02,1
EWBC,2021/10/28,1
MSB,2021/10/28,1
RBLX,2021/10/26,1
SCU,2021/10/25,1
MFYV,2021/10/25,1
DWAC,2021/10/25,1
ADA-USD,2021/10/23,1
DAWC,2021/10/22,1
KPLT,2021/10/21,1
FMAT,2021/10/20,1
BBH,2021/10/20,1
JAZZ,2021/10/19,1
GRNC,2021/10/15,1
LCID,2021/10/13,1
GSK,2021/10/08,1
VIASP,2021/10/08,1
DUKH,2021/10/07,1
OLP,2021/10/07,1
TIP,2021/10/07,1
DECK,2021/10/06,1
DIAL,2021/10/06,1
MUB,2021/10/06,1
PPL,2021/10/04,1
PI,2021/10/04,1
GPS,2021/10/01,1
TELL,2021/10/01,1
BCE,2021/09/30,1
MDNDF,2021/09/30,1
ODFL,2021/09/30,1
PM,2021/09/28,1
GCGMF,2021/09/28,1
ORCC,2021/09/28,1
BP,2021/09/27,1
NS,2021/09/27,1
UHG,2021/09/27,1
ENB,2021/09/24,1
PSXP,2021/09/24,1
GEL,2021/09/23,1
TRGIX,2021/09/22,1
BSIXX,2021/09/22,1
CRSP,2021/09/20,1
CIBR,2021/09/20,1
LRNZ,2021/09/20,1
WCLD,2021/09/20,1
BLK,2021/09/17,1
PEJ,2021/09/17,1
FSKAX,2021/09/17,1
FEPAX,2021/09/17,1
BROS,2021/09/15,1
AVYA,2021/09/15,1
AMJ,2021/09/14,1
MDY,2021/09/14,1
NULC,2021/09/14,1
ILPT,2021/09/10,1
VMW,2021/09/10,1
HP,2021/09/09,1
PONPX,2021/09/09,1
WYNN,2021/09/07,1
R,2021/09/07,1
SEK,2021/09/02,1
PGX,2021/09/02,1
SE,2021/09/01,1
ALb,2021/08/31,1
SFTBY,2021/08/31,1
J,2021/08/30,1
RARE,2021/08/30,1
LDOS,2021/08/25,1
OWLSX,2021/08/23,1
W,2021/08/20,1
FOUR,2021/08/20,1
VSCO,2021/08/20,1
CTXS,2021/08/18,1
WMC,2021/08/17,1
BLDr,2021/08/17,1
PAA,2021/08/16,1
AAPl,2021/08/13,1
CHWY,2021/08/13,1
IQV,2021/08/11,1
APCD,2021/08/11,1
BXMT,2021/08/09,1
PBA,2021/08/09,1
BUD,2021/08/09,1
CS,2021/08/09,1
NXPI,2021/08/09,1
WBK,2021/08/09,1
WAT,2021/08/04,1
CNA,2021/08/02,1
BIAWX,2021/08/02,1
GXO,2021/08/02,1
COIN,2021/07/30,1
FHLC,2021/07/30,1
JEPI,2021/07/30,1
LCGFX,2021/07/29,1
SGIIX,2021/07/29,1
HOn,2021/07/27,1
ORAN,2021/07/27,1
INRE,2021/07/26,1
PYCR,2021/07/23,1
QTS,2021/07/23,1
MBB,2021/07/22,1
IGLB,2021/07/22,1
IEMG,2021/07/22,1
EMXC,2021/07/22,1
IBDP,2021/07/22,1
IBTD,2021/07/22,1
MDYG,2021/07/22,1
MDYV,2021/07/22,1
MRNA,2021/07/22,1
CISIX,2021/07/20,1
FSEN,2021/07/20,1
FORD,2021/07/19,1
SPXC,2021/07/19,1
PINS,2021/07/13,1
VXX,2021/07/12,1
USDP,2021/07/09,1
KRE,2021/07/08,1
GOLD,2021/07/07,1
AESE,2021/07/07,1
FBALX,2021/07/06,1
FDRXX,2021/07/06,1
NVCR,2021/07/02,1
MRIN,2021/07/02,1
AMZA,2021/07/01,1
DTM,2021/07/01,1
ETV,2021/07/01,1
FQAL,2021/07/01,1
BNS,2021/06/30,1
HNDL,2021/06/30,1
AQB,2021/06/29,1
CZR,2021/06/28,1
COMM,2021/06/28,1
TNL,2021/06/28,1
CLX,2021/06/26,1
ASXC,2021/06/25,1
MASI,2021/06/25,1
PHX,2021/06/25,1
DVN,2021/06/24,1
MTDR,2021/06/24,1
BHI,2021/06/23,1
HLT,2021/06/22,1
GME,2021/06/21,1
AJG,2021/06/21,1
CCC,2021/06/21,1
LEA,2021/06/21,1
LITE,2021/06/21,1
VICI,2021/06/21,1
BP PLC,2021/06/21,1
PLTR,2021/06/18,1
BRKB,2021/06/18,1
CWK,2021/06/17,1
REZI,2021/06/17,1
DISCA,2021/06/15,1
ETSY,2021/06/15,1
PNGAY,2021/06/15,1
ALFY,2021/06/15,1
WY,2021/06/15,1
TBBC,2021/06/15,1
BAFWX,2021/06/14,1
ESGD,2021/06/14,1
NUGL,2021/06/14,1
HBI,2021/06/14,1
BTC-USD,2021/06/14,1
SKIN,2021/06/11,1
FTTGLX,2021/06/11,1
VRSN,2021/06/10,1
ALIZY,2021/06/10,1
NRG,2021/06/10,1
AGCO,2021/06/10,1
CWH,2021/06/10,1
ELAN,2021/06/10,1
WHR,2021/06/10,1
LCRX,2021/06/09,1
ATRC,2021/06/08,1
BIIB,2021/06/08,1
BOOT,2021/06/08,1
SF,2021/06/08,1
GNRC,2021/06/08,1
OGN,2021/06/08,1
VMCXX,2021/06/07,1
HEI,2021/06/04,1
BAM,2021/06/04,1
AY,2021/06/04,1
SONY,2021/06/04,1
EXAS,2021/06/03,1
SPGI,2021/06/03,1
CWGIX,2021/06/03,1
AIVSX,2021/06/03,1
ANWPX,2021/06/03,1
NEWFX,2021/06/03,1
IT,2021/06/01,1
LEG,2021/05/28,1
ET,2021/05/27,1
ENLC,2021/05/27,1
PBFX,2021/05/27,1
CAPL,2021/05/26,1
SHLX,2021/05/26,1
PRGS,2021/05/26,1
PTC,2021/05/26,1
FFG,2021/05/26,1
AAl,2021/05/26,1
CE,2021/05/26,1
AEP,2021/05/25,1
STM,2021/05/25,1
NVVE,2021/05/25,1
NGL,2021/05/20,1
MTBC,2021/05/20,1
FEDX,2021/05/20,1
VTRA,2021/05/20,1
ETC-USD,2021/05/20,1
CO,2021/05/19,1
ICLR,2021/05/18,1
VUZI,2021/05/18,1
LUV,2021/05/18,1
LDNXF,2021/05/17,1
ALK,2021/05/17,1
VUL.V,2021/05/17,1
NULV,2021/05/17,1
CFJIX,2021/05/17,1
MMP,2021/05/14,1
GOOC.VI,2021/05/14,1
ICSH,2021/05/12,1
BAT-USD,2021/05/12,1
CELO-USD,2021/05/12,1
XLM-USD,2021/05/12,1
FVRR,2021/05/11,1
CTVA,2021/05/11,1
IR,2021/05/11,1
DOGE-USD,2021/05/11,1
HNST,2021/05/11,1
GLP,2021/05/07,1
LL,2021/05/07,1
FNV,2021/05/06,1
ILMN,2021/05/06,1
NDAQ,2021/05/06,1
USAC,2021/05/05,1
ALB,2021/05/04,1
ENBL,2021/05/03,1
IVW,2021/05/03,1
STXAX,2021/05/03,1
LINK-USD,2021/04/28,1
JOE,2021/04/27,1
BRP,2021/04/27,1
LTD,2021/04/26,1
TAP,2021/04/26,1
SAIC,2021/04/26,1
TDC,2021/04/26,1
CARG,2021/04/23,1
YTRA,2021/04/23,1
GSS,2021/04/23,1
ORMP,2021/04/23,1
VMN,2021/04/23,1
FTV,2021/04/23,1
EWU,2021/04/22,1
SLYG,2021/04/22,1
VNQ,2021/04/22,1
MRVL,2021/04/21,1
GFN,2021/04/20,1
PCRX,2021/04/20,1
PTON,2021/04/19,1
VEA,2021/04/19,1
EMKR,2021/04/19,1
BBGLX,2021/04/19,1
BOWX,2021/04/16,1
O,2021/04/15,1
GS,2021/04/14,1
BPMP,2021/04/14,1
SFY,2021/04/14,1
TFDXX,2021/04/14,1
EOS-USD,2021/04/13,1
ETH-USD,2021/04/13,1
SCHD,2021/04/12,1
TGNA,2021/04/12,1
HHC,2021/04/09,1
AFL,2021/04/09,1
AZN,2021/04/09,1
AVB,2021/04/09,1
AGR,2021/04/09,1
BLKB,2021/04/09,1
CREE,2021/04/09,1
FSLR,2021/04/09,1
GILD,2021/04/09,1
HXL,2021/04/09,1
IFF,2021/04/09,1
IPG,2021/04/09,1
JLL,2021/04/09,1
LW,2021/04/09,1
LHCG,2021/04/09,1
LIN,2021/04/09,1
LPLA,2021/04/09,1
MKC,2021/04/09,1
OMCL,2021/04/09,1
ORA,2021/04/09,1
DGX,2021/04/09,1
RGA,2021/04/09,1
SYK,2021/04/09,1
TTEK,2021/04/09,1
TSCO,2021/04/09,1
VFC,2021/04/09,1
VZ,2021/04/09,1
GPRO,2021/04/09,1
SPOT,2021/04/09,1
CMLTU,2021/04/09,1
UFPI,2021/04/09,1
CWEN.A,2021/04/08,1
UA,2021/04/05,1
LPRO,2021/04/05,1
TER,2021/04/01,1
LMND,2021/04/01,1
HOFV,2021/04/01,1
ETWO.W,2021/04/01,1
FNF,2021/03/31,1
FUND,2021/03/31,1
STLA,2021/03/31,1
STZ,2021/03/31,1
GTN,2021/03/31,1
HRTX,2021/03/31,1
MCS,2021/03/31,1
QCHR,2021/03/31,1
SHAK,2021/03/31,1
ZNGA,2021/03/30,1
ORLY,2021/03/30,1
LARCX,2021/03/30,1
TXN,2021/03/29,1
WB2.SG,2021/03/29,1
SMHLX,2021/03/29,1
SBAC,2021/03/26,1
ROKU,2021/03/26,1
GDRX,2021/03/25,1
NKE,2021/03/25,1
DESY,2021/03/25,1
IWR,2021/03/25,1
GSOSX,2021/03/25,1
BBCBX,2021/03/25,1
BBVLX,2021/03/25,1
BBVSX,2021/03/25,1
PGR,2021/03/24,1
MCK,2021/03/23,1
NI,2021/03/19,1
AAL,2021/03/18,1
LGI,2021/03/18,1
SON,2021/03/17,1
WBA,2021/03/17,1
ADSK,2021/03/17,1
AWI,2021/03/17,1
BJ,2021/03/17,1
HES,2021/03/16,1
ACST,2021/03/16,1
CTRM,2021/03/16,1
CELO,2021/03/16,1
BRHYX,2021/03/16,1
IWF,2021/03/16,1
BBTBX,2021/03/16,1
VEU,2021/03/16,1
SPDR,2021/03/16,1
COLD,2021/03/15,1
QDEL,2021/03/14,1
EVBG,2021/03/12,1
HOLX,2021/03/12,1
LBRDK,2021/03/12,1
HS,2021/03/12,1
AIG,2021/03/11,1
VVNT,2021/03/11,1
VIAC,2021/03/10,1
SNV,2021/03/09,1
PLT,2021/03/08,1
POOL,2021/03/08,1
JQC,2021/03/08,1
CFJAX,2021/03/08,1
ESTC,2021/03/05,1
MET,2021/03/05,1
CMLFU,2021/03/05,1
BALY,2021/03/05,1
BHP,2021/03/05,1
VOX,2021/03/05,1
AI,2021/03/04,1
MGY,2021/03/04,1
AMTX,2021/03/04,1
PAHC,2021/03/04,1
GHC,2021/03/04,1
CDNA,2021/03/02,1
DASH,2021/03/02,1
NSIT,2021/03/02,1
FCN,2021/03/02,1
HUM,2021/03/01,1
ABC,2021/03/01,1
OCFC,2021/02/26,1
SLAB,2021/02/26,1
WLTL,2021/02/26,1
SNN,2021/02/26,1
35G.SG,2021/02/26,1
WLTW,2021/02/26,1
FIVN,2021/02/26,1
MDB,2021/02/25,1
TYL,2021/02/25,1
EQUIX,2021/02/25,1
HUBS,2021/02/24,1
TWLO,2021/02/24,1
AXTA,2021/02/24,1
EBS,2021/02/23,1
CHGG,2021/02/23,1
BAESY,2021/02/23,1
CMCAS,2021/02/23,1
EVGB,2021/02/23,1
VIVO,2021/02/23,1
OSUR,2021/02/23,1
WSC,2021/02/22,1
BXS$A,2021/02/22,1
VRM,2021/02/19,1
AB,2021/02/18,1
APHA,2021/02/18,1
TPCO,2021/02/18,1
ADDDYY,2021/02/17,1
AAGIY,2021/02/17,1
ALC,2021/02/17,1
ALFVY,2021/02/17,1
ABEV,2021/02/17,1
ATLKY,2021/02/17,1
BBVA,2021/02/17,1
CNI,2021/02/17,1
CHKP,2021/02/17,1
CHGCY,2021/02/17,1
DBSDY,2021/02/17,1
FANUY,2021/02/17,1
FMX,2021/02/17,1
FUPBY,2021/02/17,1
HDB,2021/02/17,1
IBN,2021/02/17,1
ITUB,2021/02/17,1
KMTUY,2021/02/17,1
KUBTY,2021/02/17,1
AIQUY,2021/02/17,1
LZAGY,2021/02/17,1
LRLCY,2021/02/17,1
LUKOY,2021/02/17,1
NVZMY,2021/02/17,1
RIO,2021/02/17,1
RDS.B,2021/02/17,1
SAP,2021/02/17,1
SBGSY,2021/02/17,1
SGSOY,2021/02/17,1
SONVY,2021/02/17,1
SYIEY,2021/02/17,1
SSMXY,2021/02/17,1
UNICY,2021/02/17,1
UL,2021/02/17,1
YNDX,2021/02/17,1
SHOP,2021/02/17,1
BL,2021/02/17,1
ACHC,2021/02/16,1
A,2021/02/16,1
AL,2021/02/16,1
ADS,2021/02/16,1
AMT,2021/02/16,1
AWK,2021/02/16,1
ATH,2021/02/16,1
BAX,2021/02/16,1
BBY,2021/02/16,1
CDNS,2021/02/16,1
CHTR,2021/02/16,1
XEC,2021/02/16,1
CTAS,2021/02/16,1
CMS,2021/02/16,1
CLGX,2021/02/16,1
CCK,2021/02/16,1
FANG,2021/02/16,1
DXC,2021/02/16,1
EMN,2021/02/16,1
EW,2021/02/16,1
EMR,2021/02/16,1
EHC,2021/02/16,1
EQIX,2021/02/16,1
EXPE,2021/02/16,1
FITB,2021/02/16,1
BEN,2021/02/16,1
GLPI,2021/02/16,1
HRC,2021/02/16,1
HSBC,2021/02/16,1
HUN,2021/02/16,1
IDXXX,2021/02/16,1
PODD,2021/02/16,1
JBL,2021/02/16,1
KKR,2021/02/16,1
LYV,2021/02/16,1
LULU,2021/02/16,1
LYB,2021/02/16,1
MMC,2021/02/16,1
MCHP,2021/02/16,1
MOS,2021/02/16,1
MSI,2021/02/16,1
NYT,2021/02/16,1
NEM,2021/02/16,1
NOC,2021/02/16,1
NUE,2021/02/16,1
NVR,2021/02/16,1
OKTA,2021/02/16,1
OMF,2021/02/16,1
ORCL,2021/02/16,1
PH,2021/02/16,1
PSX,2021/02/16,1
PNC,2021/02/16,1
PLD,2021/02/16,1
RMD,2021/02/16,1
ROK,2021/02/16,1
SC,2021/02/16,1
ST,2021/02/16,1
SIVB,2021/02/16,1
SYF,2021/02/16,1
SNPS,2021/02/16,1
TGT,2021/02/16,1
TRU,2021/02/16,1
TFC,2021/02/16,1
USB,2021/02/16,1
VMC,2021/02/16,1
WMB,2021/02/16,1
WYND,2021/02/16,1
ZG,2021/02/16,1
ABNB,2021/02/16,1
SAM,2021/02/16,1
FCX,2021/02/16,1
MELI,2021/02/16,1
TPR,2021/02/16,1
ERJ,2021/02/16,1
AOSL,2021/02/16,1
URGO,2021/02/16,1
GRUB,2021/02/12,1
ESGC,2021/02/12,1
AlGM,2021/02/12,1
BERY,2021/02/12,1
TDDC,2021/02/12,1
ARNA,2021/02/12,1
ACB,2021/02/12,1
CRON,2021/02/12,1
PAIDX,2021/02/11,1
SMFKY,2021/02/11,1
VFC.VI,2021/02/11,1
ADM,2021/02/11,1
BWA,2021/02/11,1
CL,2021/02/10,1
TRV,2021/02/10,1
SEA,2021/02/10,1
AEIS,2021/02/09,1
BLDR,2021/02/09,1
CLNE,2021/02/08,1
CCEP,2021/02/08,1
SPG,2021/02/08,1
STT,2021/02/08,1
AAIGF,2021/02/08,1
BIP,2021/02/08,1
BEP,2021/02/08,1
DRI,2021/02/05,1
ALGM,2021/02/05,1
MJNA,2021/02/05,1
BHPLF,2021/02/05,1
NLG,2021/02/05,1
HYDB,2021/02/05,1
JNK,2021/02/05,1
RY.TO,2021/02/05,1
CSCCX,2021/02/05,1
DD,2021/02/04,1
KAI,2021/02/04,1
BSIIX,2021/02/04,1
JSOAX,2021/02/04,1
TSBRX,2021/02/04,1
BPHSPX,2021/02/03,1
DOMO,2021/02/02,1
TRN,2021/02/02,1
BRX,2021/02/02,1
LUMN,2021/01/29,1
PPG,2021/01/28,1
MAT,2021/01/28,1
MKTX,2021/01/28,1
GO,2021/01/28,1
CRWD,2021/01/28,1
CDW,2021/01/28,1
ADDYY,2021/01/28,1
MCO,2021/01/28,1
VRTX,2021/01/28,1
WEC,2021/01/28,1
DDD,2021/01/27,1
PCAR,2021/01/25,1
DUK,2021/01/22,1
LEE,2021/01/22,1
AZEK,2021/01/22,1
Broadcom Inc.,2021/01/22,1
CI,2021/01/21,1
IBTB,2021/01/21,1
IBTJ,2021/01/21,1
IBTI,2021/01/21,1
IBTH,2021/01/21,1
IBTG,2021/01/21,1
SPDW,2021/01/21,1
SLYV,2021/01/21,1
SPYS,2021/01/21,1
SPYV,2021/01/21,1
SPTI,2021/01/21,1
PDBC,2021/01/21,1
LQD,2021/01/21,1
IBDO,2021/01/21,1
XLY,2021/01/21,1
XLF,2021/01/21,1
BOA,2021/01/21,1
C,2021/01/20,1
NFG,2021/01/20,1
SFE,2021/01/20,1
ABB,2021/01/20,1
TKOMY,2021/01/20,1
ASML,2021/01/20,1
NIO,2021/01/20,1
SWK,2021/01/19,1
DKNG,2021/01/19,1
COHR,2021/01/19,1
APD,2021/01/15,1
AMGN,2021/01/15,1
CFG,2021/01/15,1
INTC,2021/01/15,1
INTL,2021/01/15,1
JPM,2021/01/15,1
PKG,2021/01/15,1
VNT,2021/01/15,1
ROP,2021/01/15,1
ZOOM,2021/01/15,1
FMS,2021/01/14,1
ACGL,2021/01/14,1
BKNG,2021/01/14,1
FCEL,2021/01/14,1
PLUG,2021/01/14,1
GBTC,2021/01/13,1
VRT,2021/01/13,1
LESL,2021/01/13,1
FLT,2021/01/13,1
FISV,2021/01/13,1
DRE,2021/01/13,1
CHX,2021/01/13,1
APTV,2021/01/13,1
FLR,2021/01/13,1
GM,2021/01/12,1
JIH,2021/01/12,1
WSM,2021/01/12,1
WRK,2021/01/12,1
WAIR,2021/01/12,1
GT,2021/01/12,1
RLGY,2021/01/12,1
DFS,2021/01/12,1
DLR,2021/01/12,1
CACI,2021/01/12,1
BLL,2021/01/12,1
JGCCF,2021/01/12,1
MLYNF,2021/01/12,1
OGFGF,2021/01/12,1
GIS,2021/01/11,1
TMUS,2021/01/11,1
CLF,2021/01/11,1
AIO,2021/01/11,1
FSKR,2021/01/11,1
DMTK,2021/01/11,1
CIG,2021/01/11,1
EQNR,2021/01/11,1
MJDLF,2021/01/11,1
NCMGF,2021/01/11,1
PDS,2021/01/11,1
VIV,2021/01/11,1
TSCDF,2021/01/11,1
TKC,2021/01/11,1
WOLWF,2021/01/11,1
AUY,2021/01/11,1
SVC,2021/01/08,1
WCC,2021/01/07,1
TIF,2021/01/07,1
PAG,2021/01/06,1
CHNG,2021/01/06,1
CNF,2021/01/06,1
BIO,2021/01/05,1
AHCO,2021/01/05,1
PCPL.U,2021/01/05,1
BKR,2021/01/04,1
FNRVGX,2021/01/04,1
HCA,2021/01/04,1
ARW,2021/01/04,1
HRL,2021/01/04,1
KMI,2020/12/31,1
OHI,2020/12/31,1
SO,2020/12/31,1
PBCT,2020/12/31,1
CDK,2020/12/30,1
HII,2020/12/30,1
LBRDA,2020/12/30,1
APPAD,2020/12/30,1
PSTH,2020/12/29,1
ASMB,2020/12/28,1
RETA,2020/12/28,1
SRNE,2020/12/28,1
DXCM,2020/12/24,1
IPWR,2020/12/24,1
ALL,2020/12/23,1
CODYY,2020/12/22,1
INCY,2020/12/22,1
K,2020/12/22,1
CSTL,2020/12/21,1
ICUI,2020/12/21,1
PHR,2020/12/21,1
NGLS,2020/12/21,1
NBIX,2020/12/21,1
PCPL,2020/12/21,1
ARNC,2020/12/18,1
RAD,2020/12/17,1
TRUP,2020/12/17,1
WFC$V,2020/12/15,1
CHL,2020/12/11,1
FXM,2020/12/11,1
REGN,2020/12/11,1
CRM,2020/12/11,1
USO,2020/12/11,1
AME,2020/12/11,1
WORK,2020/12/10,1
FDN,2020/12/10,1
PAVE,2020/12/09,1
MEDP,2020/12/08,1
VCYT,2020/12/08,1
SVNLY,2020/12/07,1
BLDP,2020/12/07,1
BGG,2020/12/07,1
DASTY,2020/12/03,1
IFNNY,2020/12/03,1
GPC,2020/12/03,1
BRKS,2020/12/02,1
CCMP,2020/12/02,1
SITE,2020/12/02,1
IWM,2020/12/02,1
AFTPY,2020/12/01,1
LOGI,2020/12/01,1
DCMYY,2020/12/01,1
BDX,2020/11/30,1
BRK,2020/11/30,1
FVD,2020/11/30,1
SWN,2020/11/30,1
JEMWX,2020/11/30,1
BRKR,2020/11/27,1
FTNT,2020/11/25,1
ZTS,2020/11/25,1
REGL,2020/11/25,1
CRNC,2020/11/24,1
DAVA,2020/11/24,1
SHYF,2020/11/24,1
VRTU,2020/11/24,1
PASO,2020/11/24,1
RHHBF,2020/11/20,1
VFF,2020/11/20,1
FISI,2020/11/20,1
MUR,2020/11/19,1
ERIC,2020/11/19,1
ORLT,2020/11/19,1
AD,2020/11/19,1
LAM,2020/11/19,1
TF,2020/11/19,1
MU,2020/11/18,1
AIT,2020/11/18,1
PLXS,2020/11/18,1
NVT,2020/11/18,1
FCFS,2020/11/18,1
WWD,2020/11/18,1
AVY,2020/11/18,1
MCRN,2020/11/18,1
OIH,2020/11/18,1
NICE,2020/11/18,1
NTLA,2020/11/18,1
AA,2020/11/17,1
AHT,2020/11/17,1
VAC,2020/11/16,1
BOH,2020/11/16,1
DBX,2020/11/16,1
DPSGY,2020/11/13,1
CNS,2020/11/13,1
SUPN,2020/11/13,1
CSLT,2020/11/13,1
ALNY,2020/11/13,1
ACCYY,2020/11/13,1
ACSAY,2020/11/13,1
AEG,2020/11/13,1
AER,2020/11/13,1
AHKSY,2020/11/13,1
SAN,2020/11/13,1
BASFY,2020/11/13,1
BGNE,2020/11/13,1
CUK,2020/11/13,1
CRARY,2020/11/13,1
DLAKY,2020/11/13,1
EJPRY,2020/11/13,1
E,2020/11/13,1
EVVTY,2020/11/13,1
FINMY,2020/11/13,1
GLPEY,2020/11/13,1
HLPPY,2020/11/13,1
HSNGY,2020/11/13,1
HLDCY,2020/11/13,1
HTHIY,2020/11/13,1
ICL,2020/11/13,1
IPXHY,2020/11/13,1
ISNPY,2020/11/13,1
ISUZY,2020/11/13,1
KPELY,2020/11/13,1
MLCO,2020/11/13,1
MUFG,2020/11/13,1
MITSY,2020/11/13,1
NABZY,2020/11/13,1
NTXFY,2020/11/13,1
NWG,2020/11/13,1
NTTYY,2020/11/13,1
OMVKY,2020/11/13,1
IX,2020/11/13,1
POAHY,2020/11/13,1
PUK,2020/11/13,1
RYCEY,2020/11/13,1
SKFRY,2020/11/13,1
SDXAY,2020/11/13,1
FUJHY,2020/11/13,1
SOMMY,2020/11/13,1
SSUMY,2020/11/13,1
SMFG,2020/11/13,1
SUHJY,2020/11/13,1
SSREY,2020/11/13,1
TLSYY,2020/11/13,1
TRYIY,2020/11/13,1
VONOY,2020/11/13,1
WJRYY,2020/11/13,1
WIX,2020/11/13,1
WOPEY,2020/11/13,1
WPP,2020/11/13,1
EPAM,2020/11/12,1
DOCU,2020/11/12,1
WXA.F,2020/11/12,1
HEP,2020/11/12,1
UTG,2020/11/12,1
CMO,2020/11/12,1
XMO,2020/11/12,1
TCBI,2020/11/12,1
HRI,2020/11/12,1
MPLN,2020/11/12,1
DFREX,2020/11/12,1
FAS,2020/11/11,1
TRREX,2020/11/11,1
UBS,2020/11/09,1
IWN,2020/11/09,1
MNP,2020/11/09,1
BXMDX,2020/11/09,1
VUG,2020/11/09,1
TLRY,2020/11/06,1
SNOW,2020/11/06,1
BEEM,2020/11/05,1
VAW,2020/11/05,1
GWPH,2020/11/05,1
EXPD,2020/11/04,1
CW,2020/11/04,1
LNT,2020/11/04,1
PRAH,2020/11/04,1
ACM,2020/11/04,1
RCI,2020/11/03,1
SBCF,2020/11/03,1
SYNH,2020/11/03,1
TEL,2020/11/03,1
KR,2020/11/02,1
GD,2020/10/30,1
REYN,2020/10/30,1
APEN,2020/10/30,1
ABCB,2020/10/29,1
VIAV,2020/10/29,1
ROG,2020/10/29,1
SDOG,2020/10/29,1
QYLD,2020/10/29,1
GWRE,2020/10/28,1
PRLB,2020/10/28,1
ENPH,2020/10/28,1
CSIQ,2020/10/28,1
SU,2020/10/26,1
VGPBF,2020/10/26,1
JFAMX,2020/10/26,1
HALO,2020/10/22,1
SLGN,2020/10/22,1
CVNA,2020/10/22,1
SLV,2020/10/22,1
XHB,2020/10/22,1
XLB,2020/10/22,1
XLI,2020/10/22,1
XLK,2020/10/22,1
XLC,2020/10/22,1
INVH,2020/10/22,1
NGG,2020/10/22,1
SKX,2020/10/22,1
TSN,2020/10/21,1
BBNTX,2020/10/21,1
SCZ,2020/10/20,1
GISYX,2020/10/20,1
PRAA,2020/10/19,1
XYL,2020/10/19,1
FCGAX,2020/10/16,1
FNGZX,2020/10/16,1
FLCO,2020/10/16,1
FLCB,2020/10/16,1
FLQL,2020/10/16,1
FSSAX,2020/10/16,1
FVADX,2020/10/16,1
GCIIX,2020/10/16,1
GOVT,2020/10/16,1
OMBIX,2020/10/16,1
LSFYX,2020/10/16,1
PIMIX,2020/10/16,1
SPTM,2020/10/16,1
TBCIX,2020/10/16,1
TDADX,2020/10/16,1
VWO,2020/10/16,1
VOO,2020/10/16,1
WCMIX,2020/10/16,1
BMRN,2020/10/16,1
CATY,2020/10/16,1
CVET,2020/10/16,1
LYFT,2020/10/16,1
EBSB,2020/10/16,1
SKYY,2020/10/16,1
DORM,2020/10/15,1
PRA,2020/10/15,1
ARKK,2020/10/14,1
AMED,2020/10/13,1
ANSS,2020/10/13,1
TECH,2020/10/13,1
CHE,2020/10/13,1
CGNX,2020/10/13,1
CSGP,2020/10/13,1
FAST,2020/10/13,1
LOPE,2020/10/13,1
JKHY,2020/10/13,1
LII,2020/10/13,1
NEOG,2020/10/13,1
PAYC,2020/10/13,1
PCTY,2020/10/13,1
PEGA,2020/10/13,1
RBA,2020/10/13,1
ROL,2020/10/13,1
TDOC,2020/10/13,1
VRSK,2020/10/13,1
WSTL,2020/10/13,1
PSMMY,2020/10/13,1
IDXX,2020/10/09,1
EDU,2020/10/09,1
MALRX,2020/10/09,1
BTZ,2020/10/09,1
DSU,2020/10/09,1
MADCX,2020/10/09,1
MAYHX,2020/10/09,1
MANLX,2020/10/09,1
BGSIX,2020/10/09,1
EVV,2020/10/09,1
DIV,2020/10/09,1
GSMTX,2020/10/09,1
HGIIX,2020/10/09,1
TLT,2020/10/09,1
IEF,2020/10/09,1
ESGU,2020/10/09,1
IDV,2020/10/09,1
EFG,2020/10/09,1
USMV,2020/10/09,1
VLUE,2020/10/09,1
IHI,2020/10/09,1
NTDOY,2020/10/09,1
PMUPX,2020/10/09,1
RNSIX,2020/10/09,1
VTI,2020/10/09,1
PUTW,2020/10/09,1
XSOE,2020/10/09,1
CDAY,2020/10/07,1
NBL,2020/10/06,1
ETFC,2020/10/02,1
PBF,2020/10/01,1
BREW,2020/10/01,1
OWCIX,2020/10/01,1
MNTA,2020/09/25,1
AVLR,2020/09/24,1
WST,2020/09/24,1
AKAM,2020/09/23,1
ATO,2020/09/23,1
ED,2020/09/23,1
EA,2020/09/23,1
MDLZ,2020/09/23,1
XLNX,2020/09/23,1
SVCBY,2020/09/22,1
DNB,2020/09/18,1
GFL,2020/09/18,1
SRLP,2020/09/16,1
UDR,2020/09/16,1
OWSMX,2020/09/15,1
ECOL,2020/09/15,1
POST,2020/09/11,1
FHB,2020/09/10,1
ITW,2020/09/09,1
PSQ,2020/09/08,1
KTOS,2020/09/08,1
ACAD,2020/09/08,1
BAND,2020/09/08,1
INO,2020/09/08,1
SNX,2020/09/08,1
TGTX,2020/09/08,1
ANY,2020/09/04,1
LAND,2020/09/02,1
MTSI,2020/09/02,1
LLY,2020/09/01,1
BATRA,2020/09/01,1
FWONK,2020/09/01,1
ABT,2020/08/28,1
EL,2020/08/28,1
INTU,2020/08/28,1
WM,2020/08/28,1
FTA,2020/08/27,1
RUSHA,2020/08/26,1
MYE,2020/08/25,1
POWI,2020/08/24,1
ANTM,2020/08/20,1
KMX,2020/08/20,1
QCOM,2020/08/20,1
RPM,2020/08/20,1
PXD,2020/08/19,1
NWN,2020/08/14,1
DOX,2020/08/14,1
HAE,2020/08/14,1
BURL,2020/08/13,1
CSX,2020/08/13,1
SKVKY,2020/08/12,1
KMPR,2020/08/11,1
POR,2020/08/11,1
ANET,2020/08/10,1
HWM,2020/08/10,1
TDG,2020/08/10,1
UAA,2020/08/10,1
DGRO,2020/08/10,1
CWB,2020/08/10,1
XLV,2020/08/10,1
BE,2020/08/10,1
HSIC,2020/08/07,1
BAC$K,2020/08/07,1
BNDX,2020/08/07,1
WLK,2020/08/06,1
EBJ,2020/08/04,1
AVNT,2020/07/30,1
NWE,2020/07/30,1
NLOK,2020/07/29,1
SABR,2020/07/29,1
TOL,2020/07/29,1
SYPR,2020/07/28,1
LOW,2020/07/28,1
OLED,2020/07/28,1
FIVE,2020/07/28,1
IAC,2020/07/28,1
RAND,2020/07/28,1
BECN,2020/07/28,1
BTI,2020/07/28,1
HAL,2020/07/28,1
SPKE,2020/07/28,1
CR,2020/07/27,1
CIEN,2020/07/24,1
WSO,2020/07/24,1
ACI,2020/07/23,1
RSG,2020/07/23,1
BIPC,2020/07/23,1
ADC,2020/07/22,1
WDFC,2020/07/22,1
AMN,2020/07/22,1
VEEV,2020/07/22,1
TME,2020/07/21,1
RXN,2020/07/21,1
HUYA,2020/07/20,1
TMUSR,2020/07/17,1
STOR,2020/07/16,1
DELL,2020/07/16,1
NMIH,2020/07/15,1
MSBHY,2020/07/15,1
CCXX,2020/07/13,1
DUSA,2020/07/13,1
GGT,2020/07/08,1
MAR,2020/07/08,1
BKEP,2020/07/08,1
CEQP,2020/07/08,1
NBLX,2020/07/08,1
WES,2020/07/08,1
GMLP,2020/07/07,1
MMLP,2020/07/07,1
SMLP,2020/07/07,1
CVS,2020/07/02,1
KMB,2020/07/02,1
RGLD,2020/07/02,1
AROC,2020/07/02,1
DCP,2020/07/02,1
GLOP,2020/07/02,1
MPLX,2020/07/02,1
SPH,2020/07/02,1
EBAY,2020/07/01,1
STAY,2020/06/30,1
PGNY,2020/06/30,1
CXW,2020/06/29,1
SFST,2020/06/29,1
APPL,2020/06/26,1
THR,2020/06/26,1
IEFA,2020/06/26,1
IVV,2020/06/26,1
CATM,2020/06/24,1
WK,2020/06/24,1
TWNK,2020/06/24,1
EPAY,2020/06/24,1
VRNT,2020/06/24,1
ESI,2020/06/23,1
LTHM,2020/06/23,1
MRCK,2020/06/23,1
RF$A,2020/06/22,1
VALE,2020/06/22,1
CELC,2020/06/22,1
OWSOX,2020/06/18,1
BDC,2020/06/15,1
STWD,2020/06/15,1
PRWCX,2020/06/12,1
TFFP,2020/06/11,1
INFR,2020/06/10,1
EFV,2020/06/09,1
ISD,2020/06/09,1
VV,2020/06/09,1
KBE,2020/06/08,1
TTD,2020/06/05,1
PK,2020/06/05,1
SRE,2020/06/04,1
BDN,2020/06/03,1
NVIGF,2020/06/03,1
KEYS,2020/05/29,1
TWTR,2020/05/29,1
GPK,2020/05/27,1
PFGC,2020/05/27,1
PHM,2020/05/27,1
ENLAY,2020/05/27,1
JPM$G,2020/05/26,1
BFAM,2020/05/19,1
PII,2020/05/19,1
SSNC,2020/05/19,1
ETP,2020/05/19,1
ITOT,2020/05/19,1
GLD,2020/05/14,1
MMM,2020/05/13,1
CNP,2020/05/13,1
CMA,2020/05/13,1
DTE,2020/05/13,1
FLS,2020/05/13,1
HIG,2020/05/13,1
IVZ,2020/05/13,1
L,2020/05/13,1
PSA,2020/05/13,1
VOD,2020/05/13,1
FHN,2020/05/11,1
PEAK,2020/05/11,1
SLB,2020/05/11,1
HZD,2020/05/11,1
EVH,2020/05/11,1
AZO,2020/05/08,1
FEYE,2020/05/08,1
SHW,2020/05/08,1
WDAY,2020/05/08,1
IAU,2020/05/08,1
IBKR,2020/05/08,1
MORN,2020/05/08,1
SERV,2020/05/07,1
NVS,2020/05/07,1
LEN.B,2020/05/07,1
TEVA,2020/05/07,1
WTFC,2020/05/06,1
MFC,2020/05/05,1
YETI,2020/05/04,1
ETR,2020/04/30,1
ONTO,2020/04/30,1
TDDXX,2020/04/29,1
ENTG,2020/04/28,1
EFX,2020/04/28,1
LH,2020/04/28,1
LBDAV,2020/04/28,1
SIRI,2020/04/28,1
TFX,2020/04/28,1
DAIUF,2020/04/28,1
FANUF,2020/04/28,1
LVMHF,2020/04/28,1
TRNO,2020/04/28,1
ARMK,2020/04/27,1
ENR,2020/04/27,1
WTRG,2020/04/27,1
FMC,2020/04/27,1
RHI,2020/04/27,1
EDIT,2020/04/27,1
GH,2020/04/27,1
SPLK,2020/04/27,1
SQ,2020/04/27,1
BLUE,2020/04/27,1
BR,2020/04/27,1
FLIR,2020/04/27,1
MARA,2020/04/27,1
ASGN,2020/04/24,1
LSXMK,2020/04/23,1
DAL,2020/04/22,1
MPC,2020/04/22,1
FBGRX,2020/04/18,1
FCNTX,2020/04/18,1
FTQGX,2020/04/18,1
FLVEX,2020/04/18,1
FBMPX,2020/04/18,1
FSCPX,2020/04/18,1
FIDSX,2020/04/18,1
FSPHX,2020/04/18,1
FCYIX,2020/04/18,1
FSPTX,2020/04/18,1
BX,2020/04/17,1
MAA,2020/04/17,1
RQI,2020/04/17,1
SGAPY,2020/04/17,1
CAG,2020/04/15,1
ENGIY,2020/04/14,1
JETS,2020/04/14,1
CVI,2020/04/13,1
FSD,2020/04/13,1
AMP,2020/04/09,1
DOV,2020/04/08,1
WDC,2020/04/08,1
FND,2020/04/07,1
GLIBA,2020/04/07,1
SMG,2020/04/07,1
WPC,2020/04/07,1
KTB,2020/04/07,1
AIMC,2020/04/06,1
AVTR,2020/04/03,1
CHDN,2020/04/03,1
HDS,2020/04/03,1
PLNT,2020/04/03,1
AMCX,2020/04/03,1
LGND,2020/04/03,1
UPLD,2020/04/02,1
DISCK,2020/04/02,1
JWN,2020/04/02,1
HCN,2020/04/02,1
ALLY,2020/04/01,1
HAYN,2020/04/01,1
DG,2020/03/31,1
COP,2020/03/31,1
AIR,2020/03/31,1
ALGT,2020/03/31,1
EXLS,2020/03/31,1
GBCI,2020/03/31,1
ICFI,2020/03/31,1
IDA,2020/03/31,1
LAD,2020/03/31,1
NHI,2020/03/31,1
STAG,2020/03/31,1
DSGX,2020/03/31,1
WBS,2020/03/31,1
MTSC,2020/03/31,1
UNF,2020/03/31,1
HPP,2020/03/30,1
AMAT,2020/03/27,1
BAC,2020/03/27,1
DHR,2020/03/27,1
ICE,2020/03/27,1
ISRG,2020/03/27,1
LRCX,2020/03/27,1
LVS,2020/03/27,1
MNST,2020/03/27,1
UNP,2020/03/27,1
KEY,2020/03/27,1
FEI,2020/03/26,1
UAL,2020/03/26,1
WPX,2020/03/26,1
ADYEY,2020/03/26,1
VONE,2020/03/26,1
HTZ,2020/03/26,1
TM,2020/03/26,1
CHV,2020/03/26,1
CIM,2020/03/25,1
IAT,2020/03/25,1
CNC,2020/03/24,1
SCI,2020/03/24,1
TROW,2020/03/24,1
DOW,2020/03/24,1
BYD,2020/03/23,1
GOOS,2020/03/23,1
CINF,2020/03/23,1
ESS,2020/03/23,1
ES,2020/03/23,1
HTA,2020/03/23,1
LAMR,2020/03/23,1
NNN,2020/03/23,1
AVT,2020/03/20,1
BVALX,2020/03/20,1
BG,2020/03/19,1
ELUXY,2020/03/19,1
ATASY,2020/03/19,1
CRRFY,2020/03/19,1
PPRUY,2020/03/19,1
MDIBY,2020/03/19,1
PUBGY,2020/03/19,1
RNLSY,2020/03/19,1
SNY,2020/03/19,1
SCGLY,2020/03/19,1
SZEVY,2020/03/19,1
TIIAY,2020/03/19,1
TEZNY,2020/03/19,1
CBRE,2020/03/18,1
WH,2020/03/18,1
AMG,2020/03/18,1
BXP,2020/03/18,1
BHF,2020/03/18,1
CPRI,2020/03/18,1
CAH,2020/03/18,1
CF,2020/03/18,1
COTY,2020/03/18,1
EXC,2020/03/18,1
FLEX,2020/03/18,1
HRB,2020/03/18,1
HOG,2020/03/18,1
HPE,2020/03/18,1
HST,2020/03/18,1
HBAN,2020/03/18,1
IP,2020/03/18,1
IRM,2020/03/18,1
JEF,2020/03/18,1
KIM,2020/03/18,1
LEN,2020/03/18,1
LNC,2020/03/18,1
MGM,2020/03/18,1
NATI,2020/03/18,1
NWL,2020/03/18,1
NWSA,2020/03/18,1
NWS,2020/03/18,1
ON,2020/03/18,1
PAYX,2020/03/18,1
PRGO,2020/03/18,1
PFG,2020/03/18,1
PEG,2020/03/18,1
PVH,2020/03/18,1
PWR,2020/03/18,1
RCL,2020/03/18,1
SLG,2020/03/18,1
STE,2020/03/18,1
TTWO,2020/03/18,1
AMTD,2020/03/18,1
BK,2020/03/18,1
URI,2020/03/18,1
UHS,2020/03/18,1
UNM,2020/03/18,1
VTR,2020/03/18,1
VC,2020/03/18,1
VNO,2020/03/18,1
GWW,2020/03/18,1
WELL,2020/03/18,1
AMKBY,2020/03/18,1
AAVMY,2020/03/18,1
AHEXY,2020/03/18,1
AGESY,2020/03/18,1
ALPMY,2020/03/18,1
ANZBY,2020/03/18,1
AVVIY,2020/03/18,1
BCS,2020/03/18,1
BHKLY,2020/03/18,1
BNTGY,2020/03/18,1
BTLCY,2020/03/18,1
BURBY,2020/03/18,1
CAJ,2020/03/18,1
CCLAY,2020/03/18,1
CRZBY,2020/03/18,1
CMWAY,2020/03/18,1
COVTY,2020/03/18,1
DWAHY,2020/03/18,1
DNKEY,2020/03/18,1
DNZOY,2020/03/18,1
DB,2020/03/18,1
DTCWY,2020/03/18,1
DSDVY,2020/03/18,1
ENGGY,2020/03/18,1
GEAGY,2020/03/18,1
HLUYY,2020/03/18,1
HVRRY,2020/03/18,1
HDELY,2020/03/18,1
HNNMY,2020/03/18,1
HXGBY,2020/03/18,1
HMC,2020/03/18,1
IBDRY,2020/03/18,1
IMBBY,2020/03/18,1
ING,2020/03/18,1
IHG,2020/03/18,1
JSAIY,2020/03/18,1
JHX,2020/03/18,1
JAPSY,2020/03/18,1
JAPAY,2020/03/18,1
JBAXY,2020/03/18,1
KGFHY,2020/03/18,1
KNRRY,2020/03/18,1
VOPKY,2020/03/18,1
LYG,2020/03/18,1
LNSTY,2020/03/18,1
MZDAY,2020/03/18,1
MFGP,2020/03/18,1
MITEY,2020/03/18,1
MFG,2020/03/18,1
NTOIY,2020/03/18,1
NINOY,2020/03/18,1
NSANY,2020/03/18,1
NNGRY,2020/03/18,1
NOK,2020/03/18,1
NRDBY,2020/03/18,1
DNNGY,2020/03/18,1
PDYPY,2020/03/18,1
PCRFY,2020/03/18,1
PANDY,2020/03/18,1
PSO,2020/03/18,1
PROSY,2020/03/18,1
RDEIY,2020/03/18,1
REPYY,2020/03/18,1
RBS,2020/03/18,1
KKPNY,2020/03/18,1
RWEOY,2020/03/18,1
SVNDY,2020/03/18,1
SMNNY,2020/03/18,1
SMMNY,2020/03/18,1
SXYAY,2020/03/18,1
SWGAY,2020/03/18,1
SWDBY,2020/03/18,1
SWMAY,2020/03/18,1
SWRAY,2020/03/18,1
TEF,2020/03/18,1
TLSNY,2020/03/18,1
TSCDY,2020/03/18,1
WFAFY,2020/03/18,1
WCAGY,2020/03/18,1
MRWSY,2020/03/18,1
LKQ,2020/03/17,1
NCLH,2020/03/17,1
APH,2020/03/17,1
MGA,2020/03/17,1
SNP,2020/03/17,1
AVNS,2020/03/17,1
QSR,2020/03/16,1
FTDR,2020/03/16,1
ALGN,2020/03/16,1
LEVI,2020/03/16,1
EPR,2020/03/16,1
WCN,2020/03/16,1
SPCE,2020/03/13,1
IBM,2020/03/11,1
MHK,2020/03/11,1
CGC,2020/03/10,1
MEOH,2020/03/10,1
GLOB,2020/03/10,1
HELE,2020/03/10,1
JBT,2020/03/10,1
PEB,2020/03/10,1
BIF,2020/03/10,1
FMAO,2020/03/10,1
AAN,2020/03/09,1
BAH,2020/03/06,1
AQUA,2020/03/06,1
RP,2020/03/06,1
NVEE,2020/03/06,1
DCI,2020/03/06,1
PHG,2020/03/05,1
NTRS,2020/03/05,1
TEAM,2020/03/04,1
HASI,2020/03/04,1
ZM,2020/03/04,1
HPQ,2020/03/04,1
OSW,2020/03/03,1
VSAT,2020/03/03,1
SNOXX,2020/03/03,1
ENS,2020/03/02,1
WW,2020/03/02,1
APO,2020/03/02,1
NEO,2020/03/02,1
RTN,2020/03/02,1
RDS.A,2020/03/02,1
TWST,2020/03/02,1
UTX,2020/03/02,1
CHD,2020/02/28,1
AGN,2020/02/28,1
AOS,2020/02/28,1
GLW,2020/02/28,1
FOXA,2020/02/28,1
KSS,2020/02/28,1
QGEN,2020/02/27,1
BBBY,2020/02/27,1
FTSM,2020/02/27,1
ANIK,2020/02/27,1
DPZ,2020/02/26,1
VLO,2020/02/26,1
FDL,2020/02/26,1
COO,2020/02/25,1
MTN,2020/02/25,1
RBCAA,2020/02/25,1
RUN,2020/02/25,1
GBDC,2020/02/25,1
BHC,2020/02/24,1
ENV,2020/02/24,1
MAS,2020/02/24,1
OKE,2020/02/24,1
PANW,2020/02/24,1
UNVR,2020/02/24,1
ALXN,2020/02/24,1
HMN,2020/02/24,1
INMD,2020/02/24,1
CTBI,2020/02/21,1
GMED,2020/02/21,1
OLLI,2020/02/21,1
PFPT,2020/02/21,1
RPD,2020/02/21,1
ROLL,2020/02/21,1
CSCO,2020/02/21,1
SH,2020/02/21,1
SSB,2020/02/21,1
CNK,2020/02/21,1
FDRR,2020/02/21,1
IGV,2020/02/21,1
NULG,2020/02/21,1
SPYG,2020/02/21,1
SGIOY,2020/02/20,1
VSLR,2020/02/20,1
ARE,2020/02/20,1
ADI,2020/02/20,1
ADP,2020/02/20,1
CFR,2020/02/20,1
DANOY,2020/02/20,1
EIX,2020/02/20,1
FDS,2020/02/20,1
HAS,2020/02/20,1
MTB,2020/02/20,1
MCD,2020/02/20,1
NVO,2020/02/20,1
SEIC,2020/02/20,1
XEL,2020/02/20,1
YUMC,2020/02/20,1
YUM,2020/02/20,1
WAB,2020/02/18,1
GSLC,2020/02/18,1
SGEN,2020/02/18,1
CONE,2020/02/18,1
HZN,2020/02/17,1
BGFV,2020/02/14,1
PSNL,2020/02/14,1
SDC,2020/02/14,1
QSY,2020/02/14,1
DENN,2020/02/12,1
KRNT,2020/02/11,1
PRSP,2020/02/11,1
VWDRY,2020/02/11,1
IART,2020/02/10,1
PPBI,2020/02/10,1
UBSI,2020/02/10,1
CSQ,2020/02/10,1
QQQ,2020/02/10,1
USMC,2020/02/10,1
DIA,2020/02/10,1
SPY,2020/02/10,1
SDY,2020/02/10,1
VDC,2020/02/10,1
VIG,2020/02/10,1
VPU,2020/02/10,1
NTR,2020/02/10,1
OMC,2020/02/10,1
SNNUF,2020/02/10,1
CHRW,2020/02/07,1
CTL,2020/02/07,1
F,2020/02/07,1
SJM,2020/02/07,1
LB,2020/02/07,1
MAC,2020/02/07,1
M,2020/02/07,1
NOW,2020/02/07,1
KHC,2020/02/07,1
CTRCF,2020/02/07,1
CYRX,2020/02/06,1
POL,2020/02/06,1
SKY,2020/02/06,1
WMGI,2020/02/06,1
DNKN,2020/02/05,1
NXST,2020/02/05,1
XPO,2020/02/05,1
SNA,2020/02/05,1
TRGP,2020/01/30,1
CHUY,2020/01/29,1
TCOM,2020/01/29,1
FRFHF,2020/01/28,1
SEDG,2020/01/27,1
PLYA,2020/01/27,1
TLND,2020/01/27,1
LVMUY,2020/01/24,1
WCG,2020/01/24,1
GSAH,2020/01/23,1
DEACU,2020/01/21,1
ABALX,2020/01/16,1
ARCC,2020/01/15,1
SANM,2020/01/15,1
FIKMX,2020/01/15,1
KIDS,2020/01/15,1
LPT,2020/01/15,1
PG,2020/01/14,1
CRY,2020/01/14,1
PROF,2020/01/14,1
AROW,2020/01/13,1
FMCMF,2020/01/13,1
GRA,2020/01/13,1
AMADY,2020/01/13,1
EPOKY,2020/01/13,1
ABMD,2020/01/10,1
BIDU,2020/01/10,1
CENT,2020/01/10,1
CENTA,2020/01/10,1
DNTUY,2020/01/10,1
DRQ,2020/01/10,1
PRIM,2020/01/10,1
SSL,2020/01/10,1
GCP,2020/01/09,1
RF,2020/01/09,1
MSM,2020/01/09,1
NLY,2020/01/08,1
TDY,2020/01/08,1
JCI,2020/01/08,1
OXY,2020/01/08,1
ACIW,2020/01/07,1
IWV,2020/01/07,1
BKI,2020/01/06,1
INST,2020/01/06,1
ADTN,2020/01/02,1
DTEGY,2020/01/02,1
GE,2020/01/02,1
KDP,2019/12/31,1
ROST,2019/12/31,1
TOT,2019/12/31,1
IVE,2019/12/31,1
TSS,2019/12/27,1
AAWW,2019/12/19,1
SPN,2019/12/19,1
MTD,2019/12/18,1
TRP,2019/12/18,1
SRPT,2019/12/13,1
BXS,2019/12/12,1
HACK,2019/12/11,1
RHP,2019/12/10,1
ERH,2019/12/10,1
MYL,2019/12/06,1
NLSN,2019/12/06,1
VIAB,2019/12/06,1
CBS,2019/12/05,1
CLNC,2019/12/04,1
FSK,2019/12/04,1
BRK.A,2019/11/21,1
GCI,2019/11/20,1
CELG,2019/11/20,1
ZUO,2019/11/14,1
TRHC,2019/11/12,1
FBSI,2019/10/31,1
REG,2019/10/29,1
BRBR,2019/10/24,1
ZBRA,2019/10/17,1
MD,2019/10/15,1
SMJ,2019/08/29,1
BYND,2019/08/01,1
MINI,2019/07/03,1
LHX,2019/07/01,1
ADUS,2019/06/24,1
ALLE,2019/06/24,1
AZSEY,2019/06/24,1
AIV,2019/06/24,1
APLE,2019/06/24,1
APNHY,2019/06/24,1
BAMXY,2019/06/24,1
CMD,2019/06/24,1
CRL,2019/06/24,1
CHH,2019/06/24,1
CMPR,2019/06/24,1
CRUS,2019/06/24,1
CWEN,2019/06/24,1
CDE,2019/06/24,1
CCOI,2019/06/24,1
CXP,2019/06/24,1
CVLT,2019/06/24,1
COR,2019/06/24,1
COUP,2019/06/24,1
DLB,2019/06/24,1
EGBN,2019/06/24,1
FFIN,2019/06/24,1
FIBK,2019/06/24,1
FOXF,2019/06/24,1
GBT,2019/06/24,1
GRFS,2019/06/24,1
HCSG,2019/06/24,1
HL,2019/06/24,1
HIW,2019/06/24,1
IONS,2019/06/24,1
IRTC,2019/06/24,1
LLL,2019/06/24,1
LANC,2019/06/24,1
LAUR,2019/06/24,1
MANH,2019/06/24,1
MED,2019/06/24,1
MPWR,2019/06/24,1
NOV,2019/06/24,1
DNOW,2019/06/24,1
NUAN,2019/06/24,1
NTNX,2019/06/24,1
PTEN,2019/06/24,1
PKI,2019/06/24,1
PS,2019/06/24,1
PB,2019/06/24,1
QRTEA,2019/06/24,1
RDUS,2019/06/24,1
REXR,2019/06/24,1
STX,2019/06/24,1
SITC,2019/06/24,1
SPSC,2019/06/24,1
TMSNY,2019/06/24,1
TMK,2019/06/24,1
TRMB,2019/06/24,1
TRMK,2019/06/24,1
USPH,2019/06/24,1
UMPQ,2019/06/24,1
VRNS,2019/06/24,1
WTS,2019/06/24,1
WING,2019/06/24,1
ZION,2019/06/24,1
PACW,2019/06/19,1
PDCE,2019/06/19,1
BLFSD,2019/06/19,1
AMH,2019/06/04,1
ARR,2019/06/04,1
BOOM,2019/06/04,1
EXEL,2019/06/04,1
SPR,2019/06/04,1
TWO,2019/06/04,1
FFRHX,2019/05/30,1
ESGR,2019/05/21,1
PKCOY,2019/05/17,1
AMBA,2019/05/15,1
EVOP,2019/05/15,1
MTH,2019/05/15,1
PGRE,2019/05/15,1
PBYI,2019/05/15,1
TPX,2019/05/15,1
JGCCY,2019/05/09,1
DMRC,2019/05/03,1
ABM,2019/04/30,1
FBC,2019/04/30,1
KMT,2019/04/30,1
MGPI,2019/04/30,1
PCH,2019/04/30,1
RDFN,2019/04/30,1
SCHN,2019/04/30,1
TRIP,2019/04/30,1
DIN,2019/04/26,1
AYI,2019/04/16,1
AXGN,2019/04/16,1
BKU,2019/04/16,1
BIG,2019/04/16,1
PLCE,2019/04/16,1
PDM,2019/04/16,1
UVV,2019/04/16,1
VCRA,2019/04/16,1
VIOT,2019/04/08,1
RCKY,2019/04/05,1
FAF,2019/04/03,1
G,2019/04/03,1
HE,2019/04/03,1
PNW,2019/04/03,1
PUMP,2019/04/03,1
TMHC,2019/04/03,1
WDR,2019/04/03,1
ZEN,2019/04/03,1
FLXN,2019/03/26,1
FFHRX,2019/03/22,1
FSTFX,2019/03/22,1
VCSH,2019/03/22,1
UTGN,2019/03/20,1
GBX,2019/03/19,1
HFC,2019/03/19,1
DOOR,2019/03/19,1
MONOY,2019/03/19,1
SRC,2019/03/19,1
EGHT,2019/03/18,1
AIZ,2019/03/06,1
AGO,2019/03/06,1
CTB,2019/03/06,1
DBD,2019/03/06,1
ESNT,2019/03/06,1
FNB,2019/03/06,1
FII,2019/03/06,1
XENT,2019/03/06,1
UTHR,2019/03/06,1
WAFD,2019/03/06,1
IJH,2019/03/04,1
IJR,2019/03/04,1
BH,2019/02/28,1
RTNB,2019/02/22,1
EGP,2019/02/20,1
HR,2019/02/20,1
GBOOY,2019/02/19,1
BF.B,2019/02/15,1
APC,2019/02/15,1
BAYRY,2019/02/15,1
TS,2019/02/15,1
CCS,2019/02/06,1
GCO,2019/02/06,1
MSTR,2019/02/06,1
PATK,2019/02/06,1
PSB,2019/02/06,1
SAVE,2019/02/06,1
TXRH,2019/02/06,1
DWDP,2019/02/05,1
NPSNY,2019/01/30,1
AOBC,2019/01/23,1
PNR,2019/01/23,1
RCII,2019/01/23,1
TCMD,2019/01/23,1
WB,2019/01/15,1
VGT,2019/01/10,1
ARI,2019/01/09,1
CVGW,2019/01/09,1
CDEV,2019/01/09,1
EEFT,2019/01/09,1
MC,2019/01/09,1
OXM,2019/01/09,1
PEGI,2019/01/09,1
RL,2019/01/09,1
YEXT,2019/01/09,1
MZOR,2018/12/27,1
